{
  "framework": "vite",
  "buildCommand": "pnpm run build",
  "outputDirectory": "dist",
  "installCommand": "pnpm install",
  "devCommand": "pnpm run dev",
  "rewrites": [
    {
      "source": "/((?!api/.*).*)",
      "destination": "/index.html"
    }
  ],
  "headers": [
    {
      "source": "/(.*)",
      "headers": [
        {
          "key": "X-Content-Type-Options",
          "value": "nosniff"
        },
        {
          "key": "X-Frame-Options",
          "value": "DENY"
        },
        {
          "key": "X-XSS-Protection",
          "value": "1; mode=block"
        },
        {
          "key": "Referrer-Policy",
          "value": "origin-when-cross-origin"
        }
      ]
    },
    {
      "source": "/assets/(.*)",
      "headers": [
        {
          "key": "Cache-Control",
          "value": "public, max-age=31536000, immutable"
        }
      ]
    }
  ],
  "env": {
    "VITE_SUPABASE_URL": "@vite_supabase_url",
    "VITE_SUPABASE_ANON_KEY": "@vite_supabase_anon_key",
    "VITE_APP_NAME": "@vite_app_name",
    "VITE_APP_VERSION": "@vite_app_version",
    "VITE_DEFAULT_CURRENCY": "@vite_default_currency"
  }
}